file,species
862b8e7a0.png,Common wheat
e1809cef2.png,Common wheat
a1da8be3c.png,Maize
44e8b8833.png,Small-flowered Cranesbill
c10ccbd82.png,Common wheat
b944a49ca.png,Loose Silky-bent
f8318faf1.png,Scentless Mayweed
1d321253f.png,Fat Hen
d5f7dd60a.png,Fat Hen
6b721f68e.png,Loose Silky-bent
de0b79659.png,Fat Hen
d102e1a15.png,Cleavers
770a265f5.png,Small-flowered Cranesbill
cec5bf198.png,Common wheat
46c14fde2.png,Black-grass
3f826b318.png,Fat Hen
948cdb277.png,Cleavers
8db450ce3.png,Loose Silky-bent
e1abb4ff9.png,Fat Hen
c88ebfb47.png,Small-flowered Cranesbill
33448fe39.png,Loose Silky-bent
edfdb4aeb.png,Fat Hen
33317fc2a.png,Black-grass
0ee4ad224.png,Scentless Mayweed
a19c3faca.png,Cleavers
3f64c2c1b.png,Loose Silky-bent
c0bc3997b.png,Black-grass
00c47e980.png,Fat Hen
86676d627.png,Black-grass
07e62f903.png,Maize
acdb75e00.png,Loose Silky-bent
f0ffa00bd.png,Fat Hen
13b9fa92d.png,Common wheat
618de3d7a.png,Charlock
da9ef7858.png,Charlock
bb20fce02.png,Scentless Mayweed
cc3d2a59a.png,Fat Hen
1e095a7e1.png,Loose Silky-bent
ef9676433.png,Charlock
c85ef220d.png,Scentless Mayweed
6dd095129.png,Shepherds Purse
5883b423d.png,Scentless Mayweed
b62dca166.png,Loose Silky-bent
f4caf74f9.png,Small-flowered Cranesbill
a8b431a3e.png,Loose Silky-bent
65d08b894.png,Common wheat
2d5058a59.png,Fat Hen
165681fd9.png,Small-flowered Cranesbill
ab0f67743.png,Black-grass
4823c3ffa.png,Loose Silky-bent
e9d48d664.png,Small-flowered Cranesbill
3185294c8.png,Fat Hen
dabe3e5be.png,Small-flowered Cranesbill
9c0c5b731.png,Loose Silky-bent
5dcad9a53.png,Small-flowered Cranesbill
11d3f68ff.png,Loose Silky-bent
65e97117e.png,Loose Silky-bent
f1f7c833f.png,Shepherds Purse
a38b8a581.png,Small-flowered Cranesbill
e19673dc9.png,Scentless Mayweed
5bc6595f6.png,Maize
90b595f12.png,Common Chickweed
f445fe6fb.png,Charlock
a276c65f7.png,Loose Silky-bent
116b136de.png,Fat Hen
e3f50adfc.png,Loose Silky-bent
8d6991365.png,Common wheat
d6c8c3c48.png,Small-flowered Cranesbill
4c5ab9b68.png,Cleavers
8a32d0bfa.png,Small-flowered Cranesbill
4bcdaa5e2.png,Small-flowered Cranesbill
115f93ecc.png,Loose Silky-bent
bb7621cb3.png,Loose Silky-bent
7cabd68cc.png,Loose Silky-bent
38c054379.png,Black-grass
53e6e9000.png,Loose Silky-bent
eec1079a1.png,Charlock
afcf6abd5.png,Small-flowered Cranesbill
1694a70e4.png,Common Chickweed
a890ac088.png,Charlock
98da6ef4e.png,Scentless Mayweed
0021e90e4.png,Small-flowered Cranesbill
eef131644.png,Black-grass
00d090cde.png,Loose Silky-bent
65e262a6d.png,Small-flowered Cranesbill
827279bad.png,Common wheat
b03397525.png,Loose Silky-bent
60ee66ddd.png,Common wheat
615d2b0a9.png,Common wheat
9516e56c4.png,Black-grass
0c45ace27.png,Loose Silky-bent
8874bba69.png,Loose Silky-bent
41e07778c.png,Cleavers
92292055d.png,Scentless Mayweed
ae90f2827.png,Scentless Mayweed
3827436f3.png,Fat Hen
4bbfd1e05.png,Common wheat
0c27cf05f.png,Black-grass
675ec1b0b.png,Small-flowered Cranesbill
4f44ca525.png,Fat Hen
f9b6bfb00.png,Scentless Mayweed
668c1007c.png,Charlock
24c94a6ca.png,Black-grass
2f0004a7f.png,Common wheat
56a01b835.png,Scentless Mayweed
a83820a2c.png,Fat Hen
377283a21.png,Maize
785a73ab8.png,Scentless Mayweed
2dd5cfba9.png,Scentless Mayweed
958bb9e96.png,Cleavers
b39c71707.png,Maize
5e6a237f2.png,Fat Hen
24a058589.png,Charlock
c1ecff98b.png,Loose Silky-bent
fef2ade8c.png,Fat Hen
71334c634.png,Maize
d14aa43f3.png,Small-flowered Cranesbill
f4ad9d950.png,Loose Silky-bent
6982a9d30.png,Small-flowered Cranesbill
a5db42f7d.png,Maize
3e9f41817.png,Loose Silky-bent
1312065a5.png,Small-flowered Cranesbill
a0f37c726.png,Small-flowered Cranesbill
c0d9e170b.png,Small-flowered Cranesbill
ac75d3326.png,Loose Silky-bent
98062cd87.png,Scentless Mayweed
17d5e5ac4.png,Loose Silky-bent
2e86f1085.png,Common wheat
df7cb5f87.png,Small-flowered Cranesbill
71f5323c5.png,Loose Silky-bent
6da892be6.png,Small-flowered Cranesbill
c75a82234.png,Common wheat
7fdb7202d.png,Scentless Mayweed
4a337a4a9.png,Fat Hen
c5078bac5.png,Black-grass
0c51bf229.png,Scentless Mayweed
efe19dc32.png,Charlock
8303b27ed.png,Loose Silky-bent
4e69d100a.png,Black-grass
ef74dbcad.png,Scentless Mayweed
1541bdb2e.png,Maize
71b232519.png,Loose Silky-bent
558aa7deb.png,Black-grass
6b9d6f8c9.png,Fat Hen
ad12382d4.png,Loose Silky-bent
2126dc71b.png,Black-grass
fa9f3a8f9.png,Cleavers
36ed4f215.png,Scentless Mayweed
fa5fd1384.png,Shepherds Purse
bebcaab66.png,Loose Silky-bent
e84464f5a.png,Cleavers
2b55a2da2.png,Small-flowered Cranesbill
606647f64.png,Scentless Mayweed
b4f7c9214.png,Loose Silky-bent
c63da993b.png,Fat Hen
ef3e232ad.png,Loose Silky-bent
0dba99002.png,Fat Hen
f2dc546ca.png,Scentless Mayweed
756dd5070.png,Common Chickweed
1f3f44563.png,Scentless Mayweed
8170d33c1.png,Maize
42e7ed442.png,Shepherds Purse
664194d19.png,Small-flowered Cranesbill
c10db7ae2.png,Maize
6edc76e7c.png,Charlock
8916793ce.png,Small-flowered Cranesbill
592473c83.png,Black-grass
e9cd91682.png,Common Chickweed
67ce3eaa6.png,Small-flowered Cranesbill
3281183f9.png,Loose Silky-bent
b31292706.png,Scentless Mayweed
b7a7f6390.png,Loose Silky-bent
0437393b1.png,Loose Silky-bent
780bd2a2c.png,Black-grass
288564c76.png,Fat Hen
3edf5e9ef.png,Loose Silky-bent
adb7a032c.png,Loose Silky-bent
406162ef9.png,Charlock
9c777333d.png,Scentless Mayweed
bf66b9cd2.png,Maize
223e4af09.png,Fat Hen
2ea664465.png,Loose Silky-bent
2f246d688.png,Small-flowered Cranesbill
55251925f.png,Fat Hen
d0cdc768f.png,Loose Silky-bent
ff65bc002.png,Cleavers
65489944f.png,Shepherds Purse
1d56351b2.png,Shepherds Purse
12625488b.png,Loose Silky-bent
20e562fd5.png,Black-grass
14bb43eee.png,Black-grass
3fbf1a417.png,Loose Silky-bent
64fe8beb9.png,Scentless Mayweed
f48916a8c.png,Common wheat
4bbf1f6ea.png,Shepherds Purse
5af1d74ee.png,Loose Silky-bent
d6d80a321.png,Black-grass
995c7ab1e.png,Black-grass
241e6935a.png,Loose Silky-bent
248436078.png,Cleavers
f351ce097.png,Loose Silky-bent
74068643d.png,Loose Silky-bent
3eebd36c6.png,Charlock
953496deb.png,Fat Hen
06d12f6fa.png,Shepherds Purse
6c874918c.png,Loose Silky-bent
4f83143e1.png,Maize
7d22abf91.png,Scentless Mayweed
0bf7bfb05.png,Loose Silky-bent
fd87b36ae.png,Loose Silky-bent
1f290e016.png,Scentless Mayweed
3abb502fb.png,Loose Silky-bent
86f08e6d1.png,Black-grass
79e5ea8fa.png,Common wheat
beebe5f4e.png,Common wheat
99569b224.png,Black-grass
fda39e16f.png,Black-grass
4287d810c.png,Scentless Mayweed
86c309150.png,Fat Hen
c26ccf73c.png,Loose Silky-bent
fea355851.png,Loose Silky-bent
a800caead.png,Loose Silky-bent
d9c50616e.png,Fat Hen
75cb95e91.png,Scentless Mayweed
219fd68d5.png,Scentless Mayweed
fbf88b6be.png,Shepherds Purse
eaf0815e2.png,Small-flowered Cranesbill
7f46a71db.png,Fat Hen
5bdcfa329.png,Loose Silky-bent
6edb96d45.png,Common wheat
f593c9cf0.png,Fat Hen
05341a8a6.png,Scentless Mayweed
0625f063b.png,Loose Silky-bent
e5064f6be.png,Loose Silky-bent
54b3afd58.png,Loose Silky-bent
1bf9b94a6.png,Charlock
8dbb8e1b9.png,Cleavers
bfab3e3d0.png,Black-grass
60fea2ef6.png,Common wheat
7f31c7f42.png,Black-grass
502dff972.png,Small-flowered Cranesbill
59b2c6f2b.png,Scentless Mayweed
dfb1d9012.png,Loose Silky-bent
a9d2eab61.png,Black-grass
e15fce4f2.png,Scentless Mayweed
8d6acbe9b.png,Fat Hen
39c8fde99.png,Loose Silky-bent
1364b297a.png,Cleavers
721be0a4a.png,Loose Silky-bent
aee6fa3df.png,Black-grass
837ac0270.png,Common wheat
29bab7cad.png,Common Chickweed
5a6bf96f6.png,Maize
809eb0b82.png,Cleavers
c60e91e07.png,Loose Silky-bent
e901b0f28.png,Loose Silky-bent
4e9d3765f.png,Charlock
0c4199daa.png,Loose Silky-bent
7506c0c02.png,Scentless Mayweed
f66ae4070.png,Maize
969a851be.png,Scentless Mayweed
593896f83.png,Black-grass
8a8d6c712.png,Black-grass
406ecb5c5.png,Charlock
a0b393945.png,Loose Silky-bent
8e29abce1.png,Scentless Mayweed
da713c465.png,Loose Silky-bent
23e480e64.png,Shepherds Purse
a74bf916d.png,Small-flowered Cranesbill
bd72d4d8a.png,Scentless Mayweed
17a78fb44.png,Common wheat
37297a64c.png,Fat Hen
444473900.png,Loose Silky-bent
39b740f7e.png,Black-grass
d84d37a61.png,Fat Hen
e1a0e3202.png,Loose Silky-bent
a006a475c.png,Common Chickweed
8e2e5604e.png,Loose Silky-bent
2a5064f19.png,Loose Silky-bent
91e469b4a.png,Small-flowered Cranesbill
a4b61a4ea.png,Loose Silky-bent
187668bde.png,Scentless Mayweed
2ff5cb348.png,Common wheat
93d76fd5d.png,Small-flowered Cranesbill
8ece6efec.png,Scentless Mayweed
8e6ec1ca6.png,Small-flowered Cranesbill
fadc6adbc.png,Charlock
43ede9de9.png,Cleavers
abc331628.png,Common wheat
af45e222a.png,Scentless Mayweed
647689543.png,Loose Silky-bent
410e6f702.png,Small-flowered Cranesbill
03ef36742.png,Fat Hen
fe9e87b78.png,Scentless Mayweed
c74c5b7fc.png,Small-flowered Cranesbill
b6a3f7876.png,Black-grass
aad8375e0.png,Scentless Mayweed
99036c51d.png,Loose Silky-bent
026716f9b.png,Loose Silky-bent
9b4800b42.png,Scentless Mayweed
cae684f8f.png,Cleavers
16fd2e01a.png,Small-flowered Cranesbill
c5e419015.png,Scentless Mayweed
54c8bb900.png,Cleavers
b0acaff4a.png,Black-grass
36d62bf36.png,Loose Silky-bent
a3b375b34.png,Loose Silky-bent
1c52ea820.png,Loose Silky-bent
e478c452c.png,Loose Silky-bent
01291174f.png,Loose Silky-bent
6d6eb3830.png,Small-flowered Cranesbill
4e18ab737.png,Common wheat
d01873fdd.png,Black-grass
20f983a71.png,Loose Silky-bent
b3d6fdb80.png,Shepherds Purse
22fbf13d6.png,Loose Silky-bent
604dd663f.png,Shepherds Purse
089ad62a7.png,Scentless Mayweed
5bd71f445.png,Scentless Mayweed
35cf9fa01.png,Shepherds Purse
a169b71e7.png,Black-grass
24d36c52c.png,Loose Silky-bent
ce42adffb.png,Loose Silky-bent
85431c075.png,Loose Silky-bent
dabea05f4.png,Loose Silky-bent
699d3c707.png,Black-grass
32c86784b.png,Common Chickweed
7beb2766f.png,Scentless Mayweed
5817b766d.png,Shepherds Purse
cfd8165e9.png,Small-flowered Cranesbill
3efa1f66c.png,Black-grass
35ebe165c.png,Black-grass
1376f3b63.png,Loose Silky-bent
d7017f701.png,Loose Silky-bent
e82017baa.png,Loose Silky-bent
79dafec17.png,Loose Silky-bent
16357b436.png,Black-grass
d41d87796.png,Fat Hen
93079d970.png,Fat Hen
a254d71f6.png,Black-grass
0ebf8f2f4.png,Maize
b1cd2a91e.png,Cleavers
d8f4923f8.png,Loose Silky-bent
851c90831.png,Loose Silky-bent
dc55449b2.png,Black-grass
59f62ad1d.png,Loose Silky-bent
f4234cf4f.png,Loose Silky-bent
172f9b10b.png,Scentless Mayweed
29f49cd0b.png,Loose Silky-bent
fd253a74e.png,Common wheat
780defa2e.png,Loose Silky-bent
dd5ec63d9.png,Common wheat
5315c2dca.png,Loose Silky-bent
c7eb96871.png,Loose Silky-bent
82b5f4d33.png,Shepherds Purse
fc3e58836.png,Scentless Mayweed
31fcdc161.png,Maize
74d810f87.png,Black-grass
4049a6ea6.png,Loose Silky-bent
59c6a9f95.png,Loose Silky-bent
cd5f0db1c.png,Small-flowered Cranesbill
4b032563b.png,Common Chickweed
a8388a37f.png,Black-grass
2406d6c99.png,Shepherds Purse
47f9e5d91.png,Fat Hen
26852751a.png,Charlock
4392d93cf.png,Loose Silky-bent
c832e4302.png,Loose Silky-bent
270b939cf.png,Shepherds Purse
a3d0031fd.png,Loose Silky-bent
3ebbe9ca4.png,Charlock
0ae6668fa.png,Loose Silky-bent
5779fe8b4.png,Loose Silky-bent
592cc5b89.png,Loose Silky-bent
9b9911f20.png,Fat Hen
25a4c427e.png,Loose Silky-bent
d93c7ab6d.png,Loose Silky-bent
fea3da57c.png,Fat Hen
dcd7ff249.png,Common wheat
48d97c645.png,Small-flowered Cranesbill
a2c89c367.png,Charlock
00ef713a8.png,Common Chickweed
8cf2e3e6c.png,Fat Hen
2693e5c65.png,Maize
59358cd44.png,Small-flowered Cranesbill
97844bfd5.png,Cleavers
41f1c3cdb.png,Black-grass
5b3beec58.png,Loose Silky-bent
79fba50db.png,Common Chickweed
e5881dd33.png,Common wheat
824f5d4e5.png,Fat Hen
8f523520c.png,Scentless Mayweed
bb64660b7.png,Loose Silky-bent
a544fc46d.png,Scentless Mayweed
7696badea.png,Loose Silky-bent
5c3cd7ea2.png,Scentless Mayweed
a74d475c2.png,Fat Hen
56112b92c.png,Small-flowered Cranesbill
37714071b.png,Shepherds Purse
e52493d0b.png,Common wheat
78b1bf91a.png,Fat Hen
a8da9c08d.png,Scentless Mayweed
30ad31220.png,Charlock
cadab6616.png,Cleavers
cc74feadc.png,Black-grass
60f0bc617.png,Small-flowered Cranesbill
26e7ae885.png,Fat Hen
8faadb6a8.png,Loose Silky-bent
b215531dd.png,Scentless Mayweed
d689256be.png,Fat Hen
5b63dcc21.png,Fat Hen
466bb6d3b.png,Maize
1b6a6494d.png,Fat Hen
ef7a5651d.png,Loose Silky-bent
6908fb540.png,Common wheat
523e5505c.png,Black-grass
3b73c3b61.png,Loose Silky-bent
e4d5ec761.png,Loose Silky-bent
d17f48d3b.png,Scentless Mayweed
9fab816f2.png,Loose Silky-bent
c5e88cd42.png,Fat Hen
7c85b0265.png,Loose Silky-bent
279df95f2.png,Loose Silky-bent
1623fb9e1.png,Loose Silky-bent
bdde957ec.png,Scentless Mayweed
721b2c47a.png,Fat Hen
d6d31dcbe.png,Loose Silky-bent
61dd2cdc5.png,Common wheat
a2d25b4f3.png,Small-flowered Cranesbill
24dbc3b21.png,Common wheat
bea23d9f8.png,Scentless Mayweed
ab35453cb.png,Common wheat
8455169fe.png,Black-grass
3d38a87bc.png,Fat Hen
6db684fff.png,Scentless Mayweed
e73e308be.png,Loose Silky-bent
3fbd0fc6a.png,Fat Hen
b573b7a56.png,Loose Silky-bent
74fd477eb.png,Common wheat
59e1cea8d.png,Cleavers
d3331e071.png,Loose Silky-bent
55920f07f.png,Maize
3a909ead8.png,Small-flowered Cranesbill
1758a1baf.png,Scentless Mayweed
c2de6020a.png,Small-flowered Cranesbill
80e299ae9.png,Small-flowered Cranesbill
8b043093d.png,Small-flowered Cranesbill
a85b48a95.png,Scentless Mayweed
099b961ec.png,Shepherds Purse
47b7d8e17.png,Small-flowered Cranesbill
24d78df74.png,Loose Silky-bent
cfb18d262.png,Scentless Mayweed
37c3108d6.png,Shepherds Purse
c6c8d4ba0.png,Loose Silky-bent
5eb9c26a6.png,Black-grass
bf3924a57.png,Scentless Mayweed
8311740de.png,Loose Silky-bent
5ca2687a4.png,Maize
d2f422ccb.png,Scentless Mayweed
1d0cbd819.png,Loose Silky-bent
1d48b7564.png,Loose Silky-bent
b145ba9d4.png,Scentless Mayweed
bffc08672.png,Fat Hen
c4ed8ed38.png,Shepherds Purse
9c8b08a24.png,Loose Silky-bent
1be0713da.png,Common wheat
c35efa095.png,Fat Hen
974959ec1.png,Common wheat
a8c8a1db0.png,Small-flowered Cranesbill
063363305.png,Small-flowered Cranesbill
29ce426a1.png,Scentless Mayweed
085974290.png,Scentless Mayweed
08d591441.png,Fat Hen
c0f5d9ac8.png,Loose Silky-bent
f9ea23fb5.png,Fat Hen
550a8b7e6.png,Small-flowered Cranesbill
cbe761896.png,Cleavers
c7b07431e.png,Loose Silky-bent
cd6adba97.png,Small-flowered Cranesbill
ec08a5d56.png,Small-flowered Cranesbill
48ef6a2ff.png,Loose Silky-bent
539961189.png,Loose Silky-bent
b7ad92859.png,Small-flowered Cranesbill
b341d0aab.png,Loose Silky-bent
060450d79.png,Fat Hen
7a38416be.png,Charlock
aecfaed64.png,Shepherds Purse
9aa5587fe.png,Loose Silky-bent
fe29629fb.png,Loose Silky-bent
897e5a8de.png,Loose Silky-bent
6680836dd.png,Black-grass
e88bf0db9.png,Small-flowered Cranesbill
cf3a8b2fd.png,Loose Silky-bent
39d569be4.png,Loose Silky-bent
071cb3ece.png,Loose Silky-bent
007b3da8b.png,Black-grass
0751c0bbc.png,Fat Hen
48231e475.png,Scentless Mayweed
e471f1d3a.png,Charlock
37e545a60.png,Fat Hen
e5297b675.png,Loose Silky-bent
456d507c0.png,Cleavers
892e9d6c6.png,Scentless Mayweed
711b46fba.png,Scentless Mayweed
ce3d280eb.png,Loose Silky-bent
c50335991.png,Loose Silky-bent
ba3ce6b3e.png,Loose Silky-bent
534e74d83.png,Scentless Mayweed
239bdf640.png,Shepherds Purse
c0461776c.png,Common Chickweed
429211ee6.png,Loose Silky-bent
df521c0c0.png,Loose Silky-bent
0885e7690.png,Scentless Mayweed
cbba27d89.png,Maize
03a2ee656.png,Small-flowered Cranesbill
a85fc8c9a.png,Small-flowered Cranesbill
a7bd7cadb.png,Loose Silky-bent
0911d3dee.png,Fat Hen
b7192c70f.png,Common wheat
205df1df3.png,Fat Hen
03566743d.png,Scentless Mayweed
446f7da01.png,Loose Silky-bent
b2706e2b3.png,Loose Silky-bent
19e58cc5e.png,Common Chickweed
b47691c08.png,Scentless Mayweed
8104422bb.png,Scentless Mayweed
808cf55c6.png,Shepherds Purse
6a41bf95b.png,Common wheat
d2f0f326e.png,Black-grass
31f3dd81f.png,Loose Silky-bent
90d119d25.png,Scentless Mayweed
f3fcfff1b.png,Scentless Mayweed
e19ad6ac9.png,Black-grass
9cce7328c.png,Loose Silky-bent
bb1c84bbc.png,Loose Silky-bent
800a8c17e.png,Loose Silky-bent
96f14d90c.png,Black-grass
4e1190d78.png,Loose Silky-bent
f9f35cbd4.png,Fat Hen
1926e82fd.png,Loose Silky-bent
61b044411.png,Fat Hen
5a38ac566.png,Loose Silky-bent
1fefb54b7.png,Loose Silky-bent
23bc8ec4f.png,Scentless Mayweed
590f5aea6.png,Cleavers
c06e7c748.png,Scentless Mayweed
8585f9718.png,Black-grass
599691cd9.png,Small-flowered Cranesbill
53ceb4657.png,Maize
e921021a8.png,Loose Silky-bent
d09275360.png,Loose Silky-bent
728eabae1.png,Charlock
835dc5447.png,Small-flowered Cranesbill
1b490196c.png,Shepherds Purse
391dcd7fd.png,Black-grass
9643fc5f4.png,Charlock
cb496f36e.png,Loose Silky-bent
3d65168c2.png,Loose Silky-bent
22e79540f.png,Scentless Mayweed
5f04aed97.png,Small-flowered Cranesbill
66ab0e8d0.png,Cleavers
8a30b2de3.png,Black-grass
752101fdf.png,Small-flowered Cranesbill
6be169e41.png,Shepherds Purse
a1e0a6c02.png,Cleavers
653193c1a.png,Common wheat
7691014a1.png,Small-flowered Cranesbill
8b9144917.png,Fat Hen
e14afa235.png,Loose Silky-bent
b30ab4659.png,Cleavers
0ad9e7dfb.png,Scentless Mayweed
0e8492cb1.png,Scentless Mayweed
258b1183c.png,Cleavers
0a64e3e6c.png,Loose Silky-bent
3eda9cbb6.png,Scentless Mayweed
b98327bf4.png,Scentless Mayweed
f25996db8.png,Small-flowered Cranesbill
8bc0261c9.png,Loose Silky-bent
ace8761dd.png,Maize
1c680883c.png,Loose Silky-bent
3526b05cc.png,Fat Hen
1821eb11a.png,Scentless Mayweed
c069fc3fa.png,Loose Silky-bent
808578ed5.png,Charlock
ede6b84b4.png,Cleavers
7d3045fc3.png,Loose Silky-bent
a55d26a4c.png,Loose Silky-bent
19618ad6a.png,Fat Hen
b9062c1c8.png,Fat Hen
f6d250856.png,Shepherds Purse
76555b064.png,Loose Silky-bent
ac3193f78.png,Loose Silky-bent
338c7e907.png,Shepherds Purse
3f92d8039.png,Loose Silky-bent
bd789d151.png,Shepherds Purse
9326bda1b.png,Small-flowered Cranesbill
3bbef3ecb.png,Fat Hen
39858776a.png,Common wheat
177d7e2a4.png,Loose Silky-bent
855955aaf.png,Small-flowered Cranesbill
0d117d910.png,Scentless Mayweed
9d3cb4745.png,Common wheat
754b1adf8.png,Small-flowered Cranesbill
9a3f20121.png,Loose Silky-bent
8c98a6e9b.png,Black-grass
659412b1a.png,Loose Silky-bent
fdea6b119.png,Black-grass
f85ed9b6d.png,Scentless Mayweed
a060c1cf8.png,Maize
71e73a8a0.png,Black-grass
6bce55e05.png,Charlock
d563be369.png,Loose Silky-bent
8e3ed0a25.png,Small-flowered Cranesbill
003d61042.png,Loose Silky-bent
98d819587.png,Shepherds Purse
856f2910a.png,Small-flowered Cranesbill
e6f1211a2.png,Loose Silky-bent
5bbc0a255.png,Fat Hen
e0ec5b6a1.png,Fat Hen
506347cfe.png,Scentless Mayweed
da231c97f.png,Scentless Mayweed
be341dbdc.png,Loose Silky-bent
76dbd1054.png,Loose Silky-bent
4c8005bbc.png,Loose Silky-bent
79d93bc96.png,Loose Silky-bent
32a8c8a1d.png,Loose Silky-bent
c7ae30f3a.png,Fat Hen
a35fd6fbb.png,Scentless Mayweed
6df8e31ea.png,Small-flowered Cranesbill
c7051c902.png,Fat Hen
9baf94467.png,Fat Hen
0d31e6602.png,Small-flowered Cranesbill
d2fd9df40.png,Black-grass
fc6f686fb.png,Loose Silky-bent
060f1dc84.png,Cleavers
ce15eee52.png,Fat Hen
dce2f6612.png,Scentless Mayweed
7b52585da.png,Loose Silky-bent
cf90fc52d.png,Maize
afa446484.png,Small-flowered Cranesbill
a93f940d6.png,Scentless Mayweed
5ee9d0a5b.png,Loose Silky-bent
4ea7493d5.png,Scentless Mayweed
0fb233ad6.png,Small-flowered Cranesbill
03e322a29.png,Small-flowered Cranesbill
4b155fb07.png,Maize
8e4eaeec0.png,Fat Hen
3d67c434b.png,Scentless Mayweed
fb022edf9.png,Loose Silky-bent
2df78338c.png,Cleavers
c8f50f0c3.png,Loose Silky-bent
67e185673.png,Small-flowered Cranesbill
d0152bd7c.png,Loose Silky-bent
8a4d3a1b1.png,Loose Silky-bent
043449b0b.png,Black-grass
87608f7aa.png,Small-flowered Cranesbill
589e643b8.png,Shepherds Purse
da4ed3a28.png,Charlock
7d4cd07ad.png,Loose Silky-bent
ef02b4ee7.png,Loose Silky-bent
0caeda5df.png,Loose Silky-bent
be2499cf4.png,Common wheat
fda0b5c38.png,Loose Silky-bent
599c82eea.png,Fat Hen
963544aa0.png,Loose Silky-bent
dc4cd56a3.png,Loose Silky-bent
3da774107.png,Loose Silky-bent
d350a25fa.png,Maize
20817c846.png,Scentless Mayweed
f4e7733d4.png,Small-flowered Cranesbill
25cf6eb73.png,Maize
a2b703e21.png,Small-flowered Cranesbill
02cfeb38d.png,Loose Silky-bent
caa2fbd79.png,Scentless Mayweed
69d1669f8.png,Small-flowered Cranesbill
521b27a17.png,Loose Silky-bent
b687160f5.png,Small-flowered Cranesbill
6a47821f9.png,Loose Silky-bent
1f5e5554e.png,Scentless Mayweed
8cfd98117.png,Scentless Mayweed
0f6cbe5e8.png,Maize
2d9c798f9.png,Small-flowered Cranesbill
b5c7fd009.png,Black-grass
2a667e099.png,Common wheat
5ca0205f9.png,Cleavers
b4c3df835.png,Scentless Mayweed
e80a259c5.png,Small-flowered Cranesbill
3dd52bd2a.png,Small-flowered Cranesbill
36839d5e9.png,Scentless Mayweed
1cfd91582.png,Charlock
f1e87cba7.png,Loose Silky-bent
97b2f0a10.png,Small-flowered Cranesbill
d515398fd.png,Common wheat
04814f36d.png,Scentless Mayweed
e7077322d.png,Scentless Mayweed
d488a4fe1.png,Black-grass
fd925f542.png,Loose Silky-bent
96ecad7a1.png,Cleavers
88ac6df54.png,Black-grass
9d79a1f0c.png,Small-flowered Cranesbill
e4a76885b.png,Maize
686dc7ec8.png,Black-grass
486e59179.png,Shepherds Purse
da5255450.png,Fat Hen
d09d24c58.png,Loose Silky-bent
b29339405.png,Black-grass
25fa8d109.png,Loose Silky-bent
16467a950.png,Black-grass
8301b0547.png,Cleavers
52dc7a4d6.png,Fat Hen
976e4e079.png,Fat Hen
50de8a115.png,Small-flowered Cranesbill
2d992d1fb.png,Loose Silky-bent
aaf4da98f.png,Common wheat
f23faf9c1.png,Loose Silky-bent
b130a0632.png,Scentless Mayweed
aa7d098d1.png,Loose Silky-bent
63c07d340.png,Fat Hen
cb76a7766.png,Black-grass
e15472085.png,Scentless Mayweed
e721c6ac8.png,Loose Silky-bent
8cf909eb3.png,Scentless Mayweed
35a90f8d0.png,Common wheat
a8de7c1b7.png,Loose Silky-bent
ef65533d5.png,Black-grass
122913909.png,Maize
1dc7c45df.png,Loose Silky-bent
55fed435f.png,Scentless Mayweed
866be78b0.png,Scentless Mayweed
fea1d13d6.png,Small-flowered Cranesbill
33748968f.png,Scentless Mayweed
7f9e9565d.png,Fat Hen
6ba4ef411.png,Common wheat
e96e57a90.png,Scentless Mayweed
ffc6f8527.png,Loose Silky-bent
0086a6340.png,Common Chickweed
2bd74d2da.png,Loose Silky-bent
a935ca110.png,Loose Silky-bent
e98e5d1d5.png,Black-grass
126a71ce0.png,Cleavers
77ccb8b2a.png,Small-flowered Cranesbill
9df3275da.png,Small-flowered Cranesbill
e5368474f.png,Scentless Mayweed
78c5fba1d.png,Sugar beet
7b21ba6ba.png,Fat Hen
d89db156f.png,Loose Silky-bent
b3e08b037.png,Small-flowered Cranesbill
8ab8a958b.png,Fat Hen
f33e9d918.png,Fat Hen
6049234e6.png,Loose Silky-bent
19b51843a.png,Fat Hen
966ae5ad9.png,Black-grass
e783f5a4f.png,Loose Silky-bent
34dd57ca9.png,Loose Silky-bent
20ea96bcc.png,Black-grass
4c7838de4.png,Small-flowered Cranesbill
7615e52d3.png,Loose Silky-bent
c6b76307d.png,Cleavers
8c9953903.png,Fat Hen
cf46d09c5.png,Scentless Mayweed
df11d56a7.png,Fat Hen
fba8fc78a.png,Black-grass
632156793.png,Cleavers
490c4f9c8.png,Common wheat
148bbda66.png,Charlock
dd9f36df7.png,Small-flowered Cranesbill
f4021df6c.png,Fat Hen
87f627bf9.png,Scentless Mayweed
73260a4ee.png,Scentless Mayweed
4ac29bbf0.png,Fat Hen
e5e3dccff.png,Common wheat
52a87abe5.png,Loose Silky-bent
19fdf19fb.png,Loose Silky-bent
9c32a797e.png,Loose Silky-bent
7e9cf1c46.png,Scentless Mayweed
78750e0ff.png,Charlock
32b42c120.png,Small-flowered Cranesbill
55a852f40.png,Common wheat
88d8a4508.png,Fat Hen
0c5f6c493.png,Loose Silky-bent
5b3000b9a.png,Maize
8ca6140ca.png,Black-grass
c64370a72.png,Black-grass
5296835a0.png,Small-flowered Cranesbill
b026bf8ca.png,Loose Silky-bent
d668409ff.png,Black-grass
1459e96a0.png,Loose Silky-bent
bb1d1bfd3.png,Scentless Mayweed
17529c555.png,Scentless Mayweed
b6f3d8b5d.png,Fat Hen
1191ba346.png,Scentless Mayweed
8b27bfd2b.png,Small-flowered Cranesbill
b828443ff.png,Scentless Mayweed
abf8b0772.png,Common wheat
